Alejandro Grove,Regular Air,9
Alejandro Grove,Delivery Truck,4
Alejandro Grove,Express Air,1
Darren Budd,Regular Air,30
Darren Budd,Express Air,6
Darren Budd,Delivery Truck,5
Deborah Brumfield,Regular Air,16
Deborah Brumfield,Delivery Truck,3
Deborah Brumfield,Express Air,1
Emily Phan,Regular Air,7
Emily Phan,Delivery Truck,2
Emily Phan,Express Air,1
Grant Carroll,Regular Air,22
Grant Carroll,Express Air,3
Grant Carroll,Delivery Truck,2
John Lucas,Regular Air,14
John Lucas,Delivery Truck,3
John Lucas,Express Air,1
Julia Barnett,Regular Air,12
Julia Barnett,Delivery Truck,5
Julia Barnett,Express Air,4
Liz MacKendrick,Regular Air,16
Liz MacKendrick,Delivery Truck,3
Liz MacKendrick,Express Air,1
Roy Skaria,Regular Air,19
Roy Skaria,Delivery Truck,5
Roy Skaria,Express Air,2
Sylvia Foulston,Regular Air,15
Sylvia Foulston,Delivery Truck,7
Sylvia Foulston,Express Air,2
